source_id,source_file,source_path,title,composer,source_total_measures,measure_start,measure_end,requested_measure_end,excerpt_id,excerpt_file,excerpt_path,note_count,total_duration_quarter_lengths,note_density,ambitus_semitones,pitch_range_semitones,mean_pitch,rhythmic_diversity,chordified_chord_count,pitch_class_0,pitch_class_1,pitch_class_2,pitch_class_3,pitch_class_4,pitch_class_5,pitch_class_6,pitch_class_7,pitch_class_8,pitch_class_9,pitch_class_10,pitch_class_11,interval_0,interval_1,interval_2,interval_3,interval_4,interval_5,interval_6,interval_7,interval_8,interval_9,interval_10,interval_11,interval_12_plus,duration_bin_lt_0_25,duration_bin_0_25_0_5,duration_bin_0_5_1,duration_bin_1_2,duration_bin_2_4,duration_bin_4_plus,metadata__has_metadata,metadata__part_count,metadata__highest_time_quarter_lengths,metadata__title_length,metadata__composer_length,pitch__note_count,pitch__mean_midi,pitch__ambitus_semitones,pitch__range_semitones,pitch__pitch_class_entropy,pitch__melodic_interval_entropy,pitch__chromatic_pitch_ratio,pitch__accidental_density,pitch__pitch_class_0,pitch__pitch_class_1,pitch__pitch_class_2,pitch__pitch_class_3,pitch__pitch_class_4,pitch__pitch_class_5,pitch__pitch_class_6,pitch__pitch_class_7,pitch__pitch_class_8,pitch__pitch_class_9,pitch__pitch_class_10,pitch__pitch_class_11,pitch__melodic_interval_0,pitch__melodic_interval_1,pitch__melodic_interval_2,pitch__melodic_interval_3,pitch__melodic_interval_4,pitch__melodic_interval_5,pitch__melodic_interval_6,pitch__melodic_interval_7,pitch__melodic_interval_8,pitch__melodic_interval_9,pitch__melodic_interval_10,pitch__melodic_interval_11,pitch__melodic_interval_12_plus,rhythm__duration_entropy,rhythm__ioi_entropy,rhythm__short_note_ratio,rhythm__long_note_ratio,rhythm__rhythmic_diversity,rhythm__duration_bin_lt_0_25,rhythm__duration_bin_0_25_0_5,rhythm__duration_bin_0_5_1,rhythm__duration_bin_1_2,rhythm__duration_bin_2_4,rhythm__duration_bin_4_plus,rhythm__ioi_bin_duration_bin_lt_0_25,rhythm__ioi_bin_duration_bin_0_25_0_5,rhythm__ioi_bin_duration_bin_0_5_1,rhythm__ioi_bin_duration_bin_1_2,rhythm__ioi_bin_duration_bin_2_4,rhythm__ioi_bin_duration_bin_4_plus,rhythm__beat_position_other,rhythm__beat_position_1,rhythm__beat_position_2,rhythm__beat_position_3,rhythm__beat_position_4,texture__mean_notes_per_onset,texture__max_notes_per_onset,texture__simultaneity_ratio,texture__chord_event_ratio,texture__single_note_event_ratio,texture__onset_density_per_quarter,texture__mean_active_notes,texture__register_span_mean,texture__register_span_max,texture__bass_motion_rate,texture__vertical_interval_0,texture__vertical_interval_1,texture__vertical_interval_2,texture__vertical_interval_3,texture__vertical_interval_4,texture__vertical_interval_5,texture__vertical_interval_6,texture__vertical_interval_7,texture__vertical_interval_8,texture__vertical_interval_9,texture__vertical_interval_10,texture__vertical_interval_11,texture__vertical_interval_12_plus,harmony__chordified_event_count,harmony__triad_ratio,harmony__seventh_chord_ratio,harmony__dissonant_verticality_ratio,harmony__common_name_major_triad,harmony__common_name_minor_triad,harmony__common_name_minor_sixth_with_octave_doublings,harmony__common_name_incomplete_dominant_seventh_chord,harmony__common_name_dominant_seventh_chord,harmony__common_name_diminished_triad,harmony__common_name_major_sixth_with_octave_doublings,harmony__common_name_perfect_nineteenth,harmony__common_name_other,experimental__chromaticism__accidental_density,experimental__chromaticism__out_of_key_pitch_ratio,experimental__chromaticism__chromatic_step_ratio,experimental__chromaticism__pitch_class_entropy,experimental__texture__mean_notes_per_onset,experimental__texture__max_notes_per_onset,experimental__texture__simultaneity_ratio,experimental__texture__single_note_event_ratio,experimental__texture__register_span_mean,experimental__texture__register_span_max,experimental__texture__onset_density_per_quarter,experimental__rhythm__duration_entropy,experimental__rhythm__ioi_entropy,experimental__rhythm__short_note_ratio,experimental__rhythm__long_note_ratio,experimental__rhythm__measure_density_variance,experimental__phrase__four_bar_density_periodicity_score,experimental__phrase__measure_density_regularity,experimental__phrase__repeated_rhythm_pattern_ratio,harmony__common_name_perfect_octave,harmony__common_name_perfect_fifth,harmony__common_name_major_seventh,harmony__common_name_major_sixth,harmony__common_name_diminished_seventh_chord,harmony__common_name_quartal_trichord,harmony__common_name_half_diminished_seventh_chord,harmony__common_name_minor_seventh_chord,harmony__common_name_major_third,harmony__common_name_quartal_tetramirror,harmony__common_name_perfect_eleventh,harmony__common_name_perfect_twelfth,harmony__common_name_major_third_with_octave_doublings,harmony__common_name_major_thirteenth,harmony__common_name_major_tenth,harmony__common_name_perfect_double_octave,harmony__common_name_perfect_fifth_with_octave_doublings,harmony__common_name_minor_thirteenth,harmony__common_name_minor_tenth,harmony__common_name_minor_third,harmony__common_name_minor_third_with_octave_doublings,harmony__common_name_major_second_with_octave_doublings,harmony__common_name_kumoi_pentachord,harmony__common_name_incomplete_minor_seventh_chord,harmony__common_name_incomplete_major_seventh_chord,harmony__common_name_major_seventh_chord
"chopin_nocturne-e-flat-major-op.-9,2-mvt1","chopin_nocturne-e-flat-major-op.-9,2-mvt1.musicxml","/Users/campshelor/Desktop/repos/mxl-clap/data/raw/full-pieces/chopin_nocturne-e-flat-major-op.-9,2-mvt1.musicxml",Nocturne No. 2.,"Chopin, Fryderyk",35,1,32,32,chopin-nocturne-e-flat-major-op-9-2-mvt1_m001_m032,chopin-nocturne-e-flat-major-op-9-2-mvt1_m001_m032.mxl,/Users/campshelor/Desktop/repos/mxl-clap/data/raw/excerpts/prefixes/chopin-nocturne-e-flat-major-op-9-2-mvt1_m001_m032.mxl,1136.0,186.5,6.091152815013404,67.0,67.0,64.41109154929578,0.018005540166204988,477.0,0.0880281690140845,0.020246478873239437,0.07658450704225352,0.22887323943661972,0.032570422535211266,0.12323943661971831,0.008802816901408451,0.14964788732394366,0.07482394366197183,0.03169014084507042,0.12323943661971831,0.04225352112676056,0.05409153952843273,0.14424410540915394,0.17891816920943135,0.05547850208044383,0.09015256588072122,0.0638002773925104,0.02912621359223301,0.019417475728155338,0.012482662968099861,0.006934812760055479,0.004160887656033287,0.009708737864077669,0.3314840499306519,0.24238227146814403,0.6620498614958449,0.029085872576177285,0.062326869806094184,0.004155124653739612,0.0,1.0,2.0,186.5,15.0,16.0,1136.0,64.41109154929578,67.0,67.0,2.2176896121430967,2.917855739575662,0.4876760563380282,0.4876760563380282,0.0880281690140845,0.020246478873239437,0.07658450704225352,0.22887323943661972,0.032570422535211266,0.12323943661971831,0.008802816901408451,0.14964788732394366,0.07482394366197183,0.03169014084507042,0.12323943661971831,0.04225352112676056,0.05409153952843273,0.14424410540915394,0.17891816920943135,0.05547850208044383,0.09015256588072122,0.0638002773925104,0.02912621359223301,0.019417475728155338,0.012482662968099861,0.006934812760055479,0.004160887656033287,0.009708737864077669,0.3314840499306519,1.2377059175733276,2.5250438284283634,0.9044321329639889,0.09556786703601108,0.018005540166204988,0.24238227146814403,0.6620498614958449,0.029085872576177285,0.062326869806094184,0.004155124653739612,0.0,0.9807692307692307,0.019230769230769232,0.0,0.0,0.0,0.0,0.5664819944598338,0.10110803324099724,0.13019390581717452,0.11911357340720222,0.08310249307479224,21.433962264150942,123.0,0.41509433962264153,0.3975069252077562,0.6024930747922438,0.28418230563002683,97.56076383333333,12.528301886792454,63.0,3.8552278820375334,0.0,0.045307443365695796,0.05124056094929881,0.04908306364617044,0.04908306364617044,0.05016181229773463,0.038834951456310676,0.04638619201725998,0.040992448759439054,0.037756202804746494,0.037756202804746494,0.03290183387270766,0.5204962243797195,477.0,0.25738396624472576,0.08860759493670886,0.5843881856540084,0.11814345991561181,0.09915611814345991,0.06962025316455696,0.05907172995780591,0.056962025316455694,0.04008438818565401,0.03164556962025317,0.027426160337552744,0.4978902953586498,0.4876760563380282,0.13556338028169015,0.14424410540915394,2.2176896121430967,21.433962264150942,123.0,0.41509433962264153,0.6024930747922438,12.528301886792454,63.0,0.28418230563002683,1.2377059175733276,2.5250438284283634,0.9044321329639889,0.09556786703601108,70.5625,0.11864406779661017,0.8086532953474731,0.4375,,,,,,,,,,,,,,,,,,,,,,,,,,
"chopin_nocturne-e-flat-major-op.-9,2-mvt1","chopin_nocturne-e-flat-major-op.-9,2-mvt1.musicxml","/Users/campshelor/Desktop/repos/mxl-clap/data/raw/full-pieces/chopin_nocturne-e-flat-major-op.-9,2-mvt1.musicxml",Nocturne No. 2.,"Chopin, Fryderyk",35,1,35,64,chopin-nocturne-e-flat-major-op-9-2-mvt1_m001_m035_req064,chopin-nocturne-e-flat-major-op-9-2-mvt1_m001_m035_req064.mxl,/Users/campshelor/Desktop/repos/mxl-clap/data/raw/excerpts/prefixes/chopin-nocturne-e-flat-major-op-9-2-mvt1_m001_m035_req064.mxl,1257.0,203.5,6.176904176904177,67.0,67.0,65.81066030230708,0.01684717208182912,502.0,0.09148766905330151,0.018297533810660304,0.07239459029435164,0.21877486077963404,0.0294351630867144,0.11376292760540971,0.007955449482895784,0.14478918058870327,0.07080350039777247,0.03977724741447892,0.1424025457438345,0.050119331742243436,0.051807228915662654,0.1493975903614458,0.19036144578313252,0.06867469879518072,0.08433734939759036,0.06265060240963856,0.027710843373493974,0.02289156626506024,0.012048192771084338,0.010843373493975903,0.0036144578313253013,0.008433734939759036,0.3072289156626506,0.28760529482551145,0.6137184115523465,0.030084235860409144,0.061371841155234655,0.007220216606498195,0.0,1.0,2.0,203.5,15.0,16.0,1257.0,65.81066030230708,67.0,67.0,2.2271920584405787,2.87955278002554,0.4988066825775656,0.4988066825775656,0.09148766905330151,0.018297533810660304,0.07239459029435164,0.21877486077963404,0.0294351630867144,0.11376292760540971,0.007955449482895784,0.14478918058870327,0.07080350039777247,0.03977724741447892,0.1424025457438345,0.050119331742243436,0.051807228915662654,0.1493975903614458,0.19036144578313252,0.06867469879518072,0.08433734939759036,0.06265060240963856,0.027710843373493974,0.02289156626506024,0.012048192771084338,0.010843373493975903,0.0036144578313253013,0.008433734939759036,0.3072289156626506,1.420079647141081,2.534123160251487,0.901323706377858,0.098676293622142,0.01684717208182912,0.28760529482551145,0.6137184115523465,0.030084235860409144,0.061371841155234655,0.007220216606498195,0.0,0.9811320754716981,0.018867924528301886,0.0,0.0,0.0,0.0,0.5186522262334536,0.17328519855595667,0.12154031287605295,0.11191335740072202,0.07460890493381468,23.27777777777778,146.0,0.46296296296296297,0.35980746089049337,0.6401925391095066,0.26535626535626533,106.89409716666667,14.38888888888889,64.0,3.8574938574938575,0.0,0.0395587675922404,0.04640547736782046,0.043742868010650436,0.04260174971472042,0.049448459490300495,0.034233548877900345,0.04602510460251046,0.036135412704450365,0.03499429440852035,0.03765690376569038,0.03081019399011031,0.5583872194750856,502.0,0.25250501002004005,0.0841683366733467,0.5671342685370742,0.12024048096192384,0.09418837675350701,0.06813627254509018,0.056112224448897796,0.05410821643286573,0.03807615230460922,0.03807615230460922,0.026052104208416832,0.5050100200400801,0.4988066825775656,0.14558472553699284,0.1493975903614458,2.2271920584405787,23.27777777777778,146.0,0.46296296296296297,0.6401925391095066,14.38888888888889,64.0,0.26535626535626533,1.420079647141081,2.534123160251487,0.901323706377858,0.098676293622142,129.67836734693878,0.09597523219814241,0.7592562970598398,0.4,,,,,,,,,,,,,,,,,,,,,,,,,,
"chopin_prelude-a-major-op.-28,7-mvt1","chopin_prelude-a-major-op.-28,7-mvt1.musicxml","/Users/campshelor/Desktop/repos/mxl-clap/data/raw/full-pieces/chopin_prelude-a-major-op.-28,7-mvt1.musicxml",Preludium No. 1,"Chopin, Fryderyk",34,1,32,32,chopin-prelude-a-major-op-28-7-mvt1_m001_m032,chopin-prelude-a-major-op-28-7-mvt1_m001_m032.mxl,/Users/campshelor/Desktop/repos/mxl-clap/data/raw/excerpts/prefixes/chopin-prelude-a-major-op-28-7-mvt1_m001_m032.mxl,381.0,32.0,11.90625,55.0,55.0,61.84514435695538,0.015915119363395226,204.0,0.1942257217847769,0.007874015748031496,0.09186351706036745,0.02099737532808399,0.14435695538057744,0.08398950131233596,0.013123359580052493,0.2178477690288714,0.007874015748031496,0.13910761154855644,0.010498687664041995,0.06824146981627296,0.015957446808510637,0.08244680851063829,0.17819148936170212,0.10904255319148937,0.10372340425531915,0.12234042553191489,0.010638297872340425,0.1276595744680851,0.0398936170212766,0.05319148936170213,0.034574468085106384,0.0026595744680851063,0.1196808510638298,0.8249336870026526,0.16180371352785147,0.013262599469496022,0.0,0.0,0.0,1.0,2.0,32.0,15.0,16.0,381.0,61.84514435695538,55.0,55.0,2.0767516112089814,2.561995030643356,0.06036745406824147,0.06036745406824147,0.1942257217847769,0.007874015748031496,0.09186351706036745,0.02099737532808399,0.14435695538057744,0.08398950131233596,0.013123359580052493,0.2178477690288714,0.007874015748031496,0.13910761154855644,0.010498687664041995,0.06824146981627296,0.015957446808510637,0.08244680851063829,0.17819148936170212,0.10904255319148937,0.10372340425531915,0.12234042553191489,0.010638297872340425,0.1276595744680851,0.0398936170212766,0.05319148936170213,0.034574468085106384,0.0026595744680851063,0.1196808510638298,0.985321529357446,1.5810937501718234,0.986737400530504,0.0,0.015915119363395226,0.8249336870026526,0.16180371352785147,0.013262599469496022,0.0,0.0,0.0,1.0,0.0,0.0,0.0,0.0,0.0,0.6923076923076923,0.1220159151193634,0.1856763925729443,,,38.1,84.0,1.0,0.010610079575596816,0.9893899204244032,0.3125,81.933331,23.3,41.0,1.75,0.0,0.0484375,0.078125,0.06875,0.0671875,0.075,0.0296875,0.08125,0.0453125,0.0421875,0.0484375,0.0359375,0.3796875,204.0,0.13259668508287292,0.0,0.3701657458563536,0.055248618784530384,0.049723756906077346,0.03314917127071823,,,,0.03867403314917127,,0.46408839779005523,0.06036745406824147,0.06036745406824147,0.08244680851063829,2.0767516112089814,38.1,84.0,1.0,0.9893899204244032,23.3,41.0,0.3125,0.985321529357446,1.5810937501718234,0.986737400530504,0.0,0.1474609375,0.8484848484848485,0.9687552142462149,0.9375,0.19889502762430938,0.08839779005524862,0.03867403314917127,0.03314917127071823,,,,,,,,,,,,,,,,,,,,,,
"chopin_prelude-a-major-op.-28,7-mvt1","chopin_prelude-a-major-op.-28,7-mvt1.musicxml","/Users/campshelor/Desktop/repos/mxl-clap/data/raw/full-pieces/chopin_prelude-a-major-op.-28,7-mvt1.musicxml",Preludium No. 1,"Chopin, Fryderyk",34,1,34,64,chopin-prelude-a-major-op-28-7-mvt1_m001_m034_req064,chopin-prelude-a-major-op-28-7-mvt1_m001_m034_req064.mxl,/Users/campshelor/Desktop/repos/mxl-clap/data/raw/excerpts/prefixes/chopin-prelude-a-major-op-28-7-mvt1_m001_m034_req064.mxl,394.0,34.0,11.588235294117647,55.0,55.0,61.45939086294416,0.01818181818181818,211.0,0.20304568527918782,0.007614213197969543,0.08883248730964467,0.02030456852791878,0.14720812182741116,0.08121827411167512,0.012690355329949238,0.22081218274111675,0.007614213197969543,0.13451776649746192,0.01015228426395939,0.06598984771573604,0.018229166666666668,0.08072916666666667,0.17447916666666666,0.109375,0.10416666666666667,0.125,0.010416666666666666,0.12760416666666666,0.0390625,0.0546875,0.033854166666666664,0.0026041666666666665,0.11979166666666667,0.8233766233766234,0.15844155844155844,0.01818181818181818,0.0,0.0,0.0,1.0,2.0,34.0,15.0,16.0,394.0,61.45939086294416,55.0,55.0,2.0629039112543026,2.5725166854019745,0.0583756345177665,0.0583756345177665,0.20304568527918782,0.007614213197969543,0.08883248730964467,0.02030456852791878,0.14720812182741116,0.08121827411167512,0.012690355329949238,0.22081218274111675,0.007614213197969543,0.13451776649746192,0.01015228426395939,0.06598984771573604,0.018229166666666668,0.08072916666666667,0.17447916666666666,0.109375,0.10416666666666667,0.125,0.010416666666666666,0.12760416666666666,0.0390625,0.0546875,0.033854166666666664,0.0026041666666666665,0.11979166666666667,1.002507688912109,1.5810937501718234,0.9818181818181818,0.005194805194805195,0.01818181818181818,0.8233766233766234,0.15844155844155844,0.01818181818181818,0.0,0.0,0.0,1.0,0.0,0.0,0.0,0.0,0.0,0.6883116883116883,0.12727272727272726,0.18441558441558442,,,39.4,85.0,1.0,0.015584415584415584,0.9844155844155844,0.29411764705882354,89.933331,25.4,41.0,2.4705882352941178,0.0,0.044733044733044736,0.07215007215007214,0.06349206349206349,0.06493506493506493,0.0735930735930736,0.02886002886002886,0.07792207792207792,0.044733044733044736,0.04329004329004329,0.050505050505050504,0.03463203463203463,0.40115440115440115,211.0,0.13736263736263737,0.0,0.36813186813186816,0.06043956043956044,0.04945054945054945,0.03296703296703297,,,,0.038461538461538464,,0.46153846153846156,0.0583756345177665,0.0583756345177665,0.08072916666666667,2.0629039112543026,39.4,85.0,1.0,0.9844155844155844,25.4,41.0,0.29411764705882354,1.002507688912109,1.5810937501718234,0.9818181818181818,0.005194805194805195,1.7716262975778547,0.6666666666666666,0.8969736232968641,0.8823529411764706,0.1978021978021978,0.08791208791208792,0.038461538461538464,0.03296703296703297,,,,,,,,,,,,,,,,,,,,,,
"chopin_prelude-b-minor-op.-28,6-mvt1","chopin_prelude-b-minor-op.-28,6-mvt1.musicxml","/Users/campshelor/Desktop/repos/mxl-clap/data/raw/full-pieces/chopin_prelude-b-minor-op.-28,6-mvt1.musicxml",Preludium No. 6,"Chopin, Fryderyk",26,1,26,32,chopin-prelude-b-minor-op-28-6-mvt1_m001_m026_req032,chopin-prelude-b-minor-op-28-6-mvt1_m001_m026_req032.mxl,/Users/campshelor/Desktop/repos/mxl-clap/data/raw/excerpts/prefixes/chopin-prelude-b-minor-op-28-6-mvt1_m001_m026_req032.mxl,407.0,78.0,5.217948717948718,43.0,43.0,63.665847665847664,0.022988505747126436,191.0,0.04914004914004914,0.08108108108108109,0.19656019656019655,0.0,0.0687960687960688,0.007371007371007371,0.16216216216216217,0.10565110565110565,0.007371007371007371,0.009828009828009828,0.05405405405405406,0.257985257985258,0.3976945244956772,0.13544668587896252,0.11815561959654179,0.07780979827089338,0.09798270893371758,0.09510086455331412,0.002881844380403458,0.037463976945244955,0.0,0.01729106628242075,0.002881844380403458,0.0,0.01729106628242075,0.1896551724137931,0.5229885057471264,0.2413793103448276,0.040229885057471264,0.005747126436781609,0.0,1.0,2.0,78.0,15.0,16.0,407.0,63.665847665847664,43.0,43.0,2.0131923207650315,1.85196720294037,0.31203931203931207,0.31203931203931207,0.04914004914004914,0.08108108108108109,0.19656019656019655,0.0,0.0687960687960688,0.007371007371007371,0.16216216216216217,0.10565110565110565,0.007371007371007371,0.009828009828009828,0.05405405405405406,0.257985257985258,0.3976945244956772,0.13544668587896252,0.11815561959654179,0.07780979827089338,0.09798270893371758,0.09510086455331412,0.002881844380403458,0.037463976945244955,0.0,0.01729106628242075,0.002881844380403458,0.0,0.01729106628242075,1.2523500093777913,0.5297061990576545,0.7126436781609196,0.27586206896551724,0.022988505747126436,0.1896551724137931,0.5229885057471264,0.2413793103448276,0.040229885057471264,0.005747126436781609,0.0,0.7777777777777778,0.2222222222222222,0.0,0.0,0.0,0.0,0.32471264367816094,0.2471264367816092,0.1896551724137931,0.20977011494252873,0.028735632183908046,40.7,98.0,1.0,0.15804597701149425,0.8419540229885057,0.1282051282051282,90.16666666666667,28.8,41.0,0.7435897435897436,0.0,0.0659025787965616,0.07163323782234957,0.06160458452722063,0.06303724928366762,0.055873925501432664,0.044412607449856735,0.05730659025787966,0.04297994269340974,0.03868194842406877,0.03581661891117478,0.03008595988538682,0.4326647564469914,191.0,0.6329787234042553,0.17553191489361702,0.46808510638297873,0.28191489361702127,0.35106382978723405,,,0.026595744680851064,,,,0.11702127659574468,0.31203931203931207,0.11793611793611794,0.13544668587896252,2.0131923207650315,40.7,98.0,1.0,0.8419540229885057,28.8,41.0,0.1282051282051282,1.2523500093777913,0.5297061990576545,0.7126436781609196,0.27586206896551724,15.61094674556213,0.23404255319148934,0.7984653838183015,0.5384615384615384,,,,,0.06914893617021277,0.047872340425531915,0.0425531914893617,0.03723404255319149,0.026595744680851064,,,,,,,,,,,,,,,,,
"chopin_prelude-b-minor-op.-28,6-mvt1","chopin_prelude-b-minor-op.-28,6-mvt1.musicxml","/Users/campshelor/Desktop/repos/mxl-clap/data/raw/full-pieces/chopin_prelude-b-minor-op.-28,6-mvt1.musicxml",Preludium No. 6,"Chopin, Fryderyk",26,1,26,64,chopin-prelude-b-minor-op-28-6-mvt1_m001_m026_req064,chopin-prelude-b-minor-op-28-6-mvt1_m001_m026_req064.mxl,/Users/campshelor/Desktop/repos/mxl-clap/data/raw/excerpts/prefixes/chopin-prelude-b-minor-op-28-6-mvt1_m001_m026_req064.mxl,407.0,78.0,5.217948717948718,43.0,43.0,63.665847665847664,0.022988505747126436,191.0,0.04914004914004914,0.08108108108108109,0.19656019656019655,0.0,0.0687960687960688,0.007371007371007371,0.16216216216216217,0.10565110565110565,0.007371007371007371,0.009828009828009828,0.05405405405405406,0.257985257985258,0.3976945244956772,0.13544668587896252,0.11815561959654179,0.07780979827089338,0.09798270893371758,0.09510086455331412,0.002881844380403458,0.037463976945244955,0.0,0.01729106628242075,0.002881844380403458,0.0,0.01729106628242075,0.1896551724137931,0.5229885057471264,0.2413793103448276,0.040229885057471264,0.005747126436781609,0.0,1.0,2.0,78.0,15.0,16.0,407.0,63.665847665847664,43.0,43.0,2.0131923207650315,1.85196720294037,0.31203931203931207,0.31203931203931207,0.04914004914004914,0.08108108108108109,0.19656019656019655,0.0,0.0687960687960688,0.007371007371007371,0.16216216216216217,0.10565110565110565,0.007371007371007371,0.009828009828009828,0.05405405405405406,0.257985257985258,0.3976945244956772,0.13544668587896252,0.11815561959654179,0.07780979827089338,0.09798270893371758,0.09510086455331412,0.002881844380403458,0.037463976945244955,0.0,0.01729106628242075,0.002881844380403458,0.0,0.01729106628242075,1.2523500093777913,0.5297061990576545,0.7126436781609196,0.27586206896551724,0.022988505747126436,0.1896551724137931,0.5229885057471264,0.2413793103448276,0.040229885057471264,0.005747126436781609,0.0,0.7777777777777778,0.2222222222222222,0.0,0.0,0.0,0.0,0.32471264367816094,0.2471264367816092,0.1896551724137931,0.20977011494252873,0.028735632183908046,40.7,98.0,1.0,0.15804597701149425,0.8419540229885057,0.1282051282051282,90.16666666666667,28.8,41.0,0.7435897435897436,0.0,0.0659025787965616,0.07163323782234957,0.06160458452722063,0.06303724928366762,0.055873925501432664,0.044412607449856735,0.05730659025787966,0.04297994269340974,0.03868194842406877,0.03581661891117478,0.03008595988538682,0.4326647564469914,191.0,0.6329787234042553,0.17553191489361702,0.46808510638297873,0.28191489361702127,0.35106382978723405,,,0.026595744680851064,,,,0.11702127659574468,0.31203931203931207,0.11793611793611794,0.13544668587896252,2.0131923207650315,40.7,98.0,1.0,0.8419540229885057,28.8,41.0,0.1282051282051282,1.2523500093777913,0.5297061990576545,0.7126436781609196,0.27586206896551724,15.61094674556213,0.23404255319148934,0.7984653838183015,0.5384615384615384,,,,,0.06914893617021277,0.047872340425531915,0.0425531914893617,0.03723404255319149,0.026595744680851064,,,,,,,,,,,,,,,,,
"chopin_prelude-e-minor-op.-28,4-mvt1","chopin_prelude-e-minor-op.-28,4-mvt1.musicxml","/Users/campshelor/Desktop/repos/mxl-clap/data/raw/full-pieces/chopin_prelude-e-minor-op.-28,4-mvt1.musicxml",Prelude no. 4,"Chopin, Fryderyk",26,1,26,32,chopin-prelude-e-minor-op-28-4-mvt1_m001_m026_req032,chopin-prelude-e-minor-op-28-4-mvt1_m001_m026_req032.mxl,/Users/campshelor/Desktop/repos/mxl-clap/data/raw/excerpts/prefixes/chopin-prelude-e-minor-op-28-4-mvt1_m001_m026_req032.mxl,602.0,101.0,5.96039603960396,56.0,56.0,56.96345514950166,0.03937007874015748,189.0,0.12956810631229235,0.009966777408637873,0.061461794019933555,0.059800664451827246,0.2026578073089701,0.03986710963455149,0.08471760797342193,0.07475083056478406,0.029900332225913623,0.132890365448505,0.013289036544850499,0.1611295681063123,0.6007905138339921,0.15019762845849802,0.1067193675889328,0.05533596837944664,0.007905138339920948,0.015810276679841896,0.003952569169960474,0.007905138339920948,0.015810276679841896,0.011857707509881422,0.003952569169960474,0.0,0.019762845849802372,0.027559055118110236,0.7755905511811023,0.09448818897637795,0.027559055118110236,0.07480314960629922,0.0,1.0,2.0,101.0,13.0,16.0,602.0,56.96345514950166,56.0,56.0,2.2302531459597614,1.397667804643369,0.19767441860465115,0.19767441860465115,0.12956810631229235,0.009966777408637873,0.061461794019933555,0.059800664451827246,0.2026578073089701,0.03986710963455149,0.08471760797342193,0.07475083056478406,0.029900332225913623,0.132890365448505,0.013289036544850499,0.1611295681063123,0.6007905138339921,0.15019762845849802,0.1067193675889328,0.05533596837944664,0.007905138339920948,0.015810276679841896,0.003952569169960474,0.007905138339920948,0.015810276679841896,0.011857707509881422,0.003952569169960474,0.0,0.019762845849802372,1.0189827958085296,1.5247073930301436,0.8031496062992126,0.17716535433070865,0.03937007874015748,0.027559055118110236,0.7755905511811023,0.09448818897637795,0.027559055118110236,0.07480314960629922,0.0,0.5384615384615384,0.46153846153846156,0.0,0.0,0.0,0.0,0.29133858267716534,0.29133858267716534,0.3031496062992126,0.1141732283464567,,43.0,103.0,0.7142857142857143,0.6889763779527559,0.3110236220472441,0.13861386138613863,99.875,20.357142857142858,48.0,2.495049504950495,0.0,0.06384149697303247,0.06384149697303247,0.06439185470555861,0.06053935057787562,0.05888827738029719,0.05723720418271877,0.05778756191524491,0.05118326912493121,0.05228398458998349,0.045129334067143645,0.0379746835443038,0.3869014859658778,189.0,0.21666666666666667,0.45555555555555555,0.8,0.05,0.16111111111111112,,,0.1388888888888889,,,,0.24444444444444444,0.19767441860465115,0.15282392026578073,0.15019762845849802,2.2302531459597614,43.0,103.0,0.7142857142857143,0.3110236220472441,20.357142857142858,48.0,0.13861386138613863,1.0189827958085296,1.5247073930301436,0.8031496062992126,0.17716535433070865,68.66863905325444,0.12571428571428572,0.7364337666043307,0.6538461538461539,,,,,0.08888888888888889,0.07222222222222222,0.12222222222222222,0.06666666666666667,,0.05555555555555555,,,,,,,,,,,,,,,,
"chopin_prelude-e-minor-op.-28,4-mvt1","chopin_prelude-e-minor-op.-28,4-mvt1.musicxml","/Users/campshelor/Desktop/repos/mxl-clap/data/raw/full-pieces/chopin_prelude-e-minor-op.-28,4-mvt1.musicxml",Prelude no. 4,"Chopin, Fryderyk",26,1,26,64,chopin-prelude-e-minor-op-28-4-mvt1_m001_m026_req064,chopin-prelude-e-minor-op-28-4-mvt1_m001_m026_req064.mxl,/Users/campshelor/Desktop/repos/mxl-clap/data/raw/excerpts/prefixes/chopin-prelude-e-minor-op-28-4-mvt1_m001_m026_req064.mxl,602.0,101.0,5.96039603960396,56.0,56.0,56.96345514950166,0.03937007874015748,189.0,0.12956810631229235,0.009966777408637873,0.061461794019933555,0.059800664451827246,0.2026578073089701,0.03986710963455149,0.08471760797342193,0.07475083056478406,0.029900332225913623,0.132890365448505,0.013289036544850499,0.1611295681063123,0.6007905138339921,0.15019762845849802,0.1067193675889328,0.05533596837944664,0.007905138339920948,0.015810276679841896,0.003952569169960474,0.007905138339920948,0.015810276679841896,0.011857707509881422,0.003952569169960474,0.0,0.019762845849802372,0.027559055118110236,0.7755905511811023,0.09448818897637795,0.027559055118110236,0.07480314960629922,0.0,1.0,2.0,101.0,13.0,16.0,602.0,56.96345514950166,56.0,56.0,2.2302531459597614,1.397667804643369,0.19767441860465115,0.19767441860465115,0.12956810631229235,0.009966777408637873,0.061461794019933555,0.059800664451827246,0.2026578073089701,0.03986710963455149,0.08471760797342193,0.07475083056478406,0.029900332225913623,0.132890365448505,0.013289036544850499,0.1611295681063123,0.6007905138339921,0.15019762845849802,0.1067193675889328,0.05533596837944664,0.007905138339920948,0.015810276679841896,0.003952569169960474,0.007905138339920948,0.015810276679841896,0.011857707509881422,0.003952569169960474,0.0,0.019762845849802372,1.0189827958085296,1.5247073930301436,0.8031496062992126,0.17716535433070865,0.03937007874015748,0.027559055118110236,0.7755905511811023,0.09448818897637795,0.027559055118110236,0.07480314960629922,0.0,0.5384615384615384,0.46153846153846156,0.0,0.0,0.0,0.0,0.29133858267716534,0.29133858267716534,0.3031496062992126,0.1141732283464567,,43.0,103.0,0.7142857142857143,0.6889763779527559,0.3110236220472441,0.13861386138613863,99.875,20.357142857142858,48.0,2.495049504950495,0.0,0.06384149697303247,0.06384149697303247,0.06439185470555861,0.06053935057787562,0.05888827738029719,0.05723720418271877,0.05778756191524491,0.05118326912493121,0.05228398458998349,0.045129334067143645,0.0379746835443038,0.3869014859658778,189.0,0.21666666666666667,0.45555555555555555,0.8,0.05,0.16111111111111112,,,0.1388888888888889,,,,0.24444444444444444,0.19767441860465115,0.15282392026578073,0.15019762845849802,2.2302531459597614,43.0,103.0,0.7142857142857143,0.3110236220472441,20.357142857142858,48.0,0.13861386138613863,1.0189827958085296,1.5247073930301436,0.8031496062992126,0.17716535433070865,68.66863905325444,0.12571428571428572,0.7364337666043307,0.6538461538461539,,,,,0.08888888888888889,0.07222222222222222,0.12222222222222222,0.06666666666666667,,0.05555555555555555,,,,,,,,,,,,,,,,
"chopin_prelude-raindrop-d-flat-major-op.-28,15-mvt1","chopin_prelude-raindrop-d-flat-major-op.-28,15-mvt1.musicxml","/Users/campshelor/Desktop/repos/mxl-clap/data/raw/full-pieces/chopin_prelude-raindrop-d-flat-major-op.-28,15-mvt1.musicxml",Prelude No. 15.,"Chopin, Fryderyk",89,1,32,32,chopin-prelude-raindrop-d-flat-major-op-28-15-mvt1_m001_m032,chopin-prelude-raindrop-d-flat-major-op-28-15-mvt1_m001_m032.mxl,/Users/campshelor/Desktop/repos/mxl-clap/data/raw/excerpts/prefixes/chopin-prelude-raindrop-d-flat-major-op-28-15-mvt1_m001_m032.mxl,497.0,161.50625,3.07728029101041,43.0,43.0,62.04024144869215,0.039603960396039604,305.0,0.07847082494969819,0.14084507042253522,0.004024144869215292,0.12072434607645875,0.022132796780684104,0.16700201207243462,0.07645875251509054,0.006036217303822937,0.2937625754527163,0.004024144869215292,0.07042253521126761,0.01609657947686117,0.18114143920595532,0.12406947890818859,0.16377171215880892,0.03225806451612903,0.04218362282878412,0.03970223325062035,0.009925558312655087,0.062034739454094295,0.01488833746898263,0.09429280397022333,0.0794044665012407,0.004962779156327543,0.1513647642679901,0.12128712871287128,0.5396039603960396,0.15841584158415842,0.15594059405940594,0.024752475247524754,0.0,1.0,2.0,161.50625,15.0,16.0,497.0,62.04024144869215,43.0,43.0,1.9992321906105743,2.3891818516676127,0.7243460764587525,0.7243460764587525,0.07847082494969819,0.14084507042253522,0.004024144869215292,0.12072434607645875,0.022132796780684104,0.16700201207243462,0.07645875251509054,0.006036217303822937,0.2937625754527163,0.004024144869215292,0.07042253521126761,0.01609657947686117,0.18114143920595532,0.12406947890818859,0.16377171215880892,0.03225806451612903,0.04218362282878412,0.03970223325062035,0.009925558312655087,0.062034739454094295,0.01488833746898263,0.09429280397022333,0.0794044665012407,0.004962779156327543,0.1513647642679901,1.621300922691466,2.2278668437614417,0.6608910891089109,0.31435643564356436,0.039603960396039604,0.12128712871287128,0.5396039603960396,0.15841584158415842,0.15594059405940594,0.024752475247524754,0.0,0.7105263157894737,0.2894736842105263,0.0,0.0,0.0,0.0,0.3094059405940594,0.22524752475247525,0.1806930693069307,0.11386138613861387,0.1707920792079208,12.743589743589743,94.0,0.9743589743589743,0.21782178217821782,0.7821782178217822,0.24147672303703419,53.43906250000001,9.35897435897436,41.0,2.0989899771680665,0.0,0.043515358361774746,0.06228668941979522,0.04863481228668942,0.04692832764505119,0.06143344709897611,0.032423208191126277,0.0537542662116041,0.03668941979522184,0.043515358361774746,0.040955631399317405,0.02901023890784983,0.5008532423208191,305.0,0.14112903225806453,0.008064516129032258,0.43548387096774194,,0.05241935483870968,,,,0.04838709677419355,,,0.5645161290322581,0.7243460764587525,0.052313883299798795,0.12406947890818859,1.9992321906105743,12.743589743589743,94.0,0.9743589743589743,0.7821782178217822,9.35897435897436,41.0,0.24147672303703419,1.621300922691466,2.2278668437614417,0.6608910891089109,0.31435643564356436,19.6240234375,0.2204724409448819,0.7780738670903439,0.625,,,,,,,,,,,0.08064516129032258,0.056451612903225805,0.056451612903225805,0.05241935483870968,0.04435483870967742,0.04435483870967742,,,,,,,,,,
"chopin_prelude-raindrop-d-flat-major-op.-28,15-mvt1","chopin_prelude-raindrop-d-flat-major-op.-28,15-mvt1.musicxml","/Users/campshelor/Desktop/repos/mxl-clap/data/raw/full-pieces/chopin_prelude-raindrop-d-flat-major-op.-28,15-mvt1.musicxml",Prelude No. 15.,"Chopin, Fryderyk",89,1,64,64,chopin-prelude-raindrop-d-flat-major-op-28-15-mvt1_m001_m064,chopin-prelude-raindrop-d-flat-major-op-28-15-mvt1_m001_m064.mxl,/Users/campshelor/Desktop/repos/mxl-clap/data/raw/excerpts/prefixes/chopin-prelude-raindrop-d-flat-major-op-28-15-mvt1_m001_m064.mxl,943.0,289.50625,3.257269920770277,52.0,52.0,59.103923647932135,0.02416918429003021,465.0,0.05620360551431601,0.12301166489925769,0.0021208907741251328,0.13467656415694593,0.05832449628844114,0.088016967126193,0.04984093319194061,0.005302226935312832,0.3361611876988335,0.006362672322375398,0.042417815482502653,0.0975609756097561,0.2980332829046899,0.13313161875945537,0.1361573373676248,0.039334341906202726,0.036308623298033284,0.04236006051437216,0.006051437216338881,0.07413010590015129,0.01664145234493192,0.05597579425113464,0.049924357034795766,0.006051437216338881,0.1059001512859304,0.0770392749244713,0.45317220543806647,0.22356495468277945,0.21601208459214502,0.030211480362537766,0.0,1.0,2.0,289.50625,15.0,16.0,943.0,59.103923647932135,52.0,52.0,2.019274812015277,2.263440620302179,0.7147401908801697,0.7147401908801697,0.05620360551431601,0.12301166489925769,0.0021208907741251328,0.13467656415694593,0.05832449628844114,0.088016967126193,0.04984093319194061,0.005302226935312832,0.3361611876988335,0.006362672322375398,0.042417815482502653,0.0975609756097561,0.2980332829046899,0.13313161875945537,0.1361573373676248,0.039334341906202726,0.036308623298033284,0.04236006051437216,0.006051437216338881,0.07413010590015129,0.01664145234493192,0.05597579425113464,0.049924357034795766,0.006051437216338881,0.1059001512859304,1.599480394976276,2.2278668437614417,0.5302114803625377,0.45468277945619334,0.02416918429003021,0.0770392749244713,0.45317220543806647,0.22356495468277945,0.21601208459214502,0.030211480362537766,0.0,0.7105263157894737,0.2894736842105263,0.0,0.0,0.0,0.0,0.25226586102719034,0.2598187311178248,0.1540785498489426,0.1782477341389728,0.1555891238670695,24.17948717948718,241.0,0.9743589743589743,0.3957703927492447,0.6042296072507553,0.13471211761404114,124.43906249999999,10.282051282051283,50.0,1.3816627447593963,0.0,0.04497098646034816,0.05319148936170213,0.04690522243713733,0.045938104448742745,0.05319148936170213,0.03723404255319149,0.04690522243713733,0.035783365570599614,0.039651837524177946,0.03723404255319149,0.031431334622823985,0.5275628626692457,465.0,0.28078817733990147,0.0049261083743842365,0.3645320197044335,0.0960591133004926,0.1477832512315271,,,,0.029556650246305417,,,0.45073891625615764,0.7147401908801697,0.16967126193001061,0.13313161875945537,2.019274812015277,24.17948717948718,241.0,0.9743589743589743,0.6042296072507553,10.282051282051283,50.0,0.13471211761404114,1.599480394976276,2.2278668437614417,0.5302114803625377,0.45468277945619334,25.476318359375,0.1846153846153846,0.7448456833139439,0.75,,,,,,,,,,,0.04926108374384237,0.034482758620689655,0.04187192118226601,0.03201970443349754,,,0.11822660098522167,,,,,,,,,
mozart_1st-movement-allegro-from-piano-sonata-facile-c-major-kv-545-mvt1,mozart_1st-movement-allegro-from-piano-sonata-facile-c-major-kv-545-mvt1.musicxml,/Users/campshelor/Desktop/repos/mxl-clap/data/raw/full-pieces/mozart_1st-movement-allegro-from-piano-sonata-facile-c-major-kv-545-mvt1.musicxml,Piano Sonata No. 15 in C major,"Mozart, Wolfgang Amadeus",73,1,32,32,mozart-1st-movement-allegro-from-piano-sonata-facile-c-major-kv-545-mvt1_m001_m032,mozart-1st-movement-allegro-from-piano-sonata-facile-c-major-kv-545-mvt1_m001_m032.mxl,/Users/campshelor/Desktop/repos/mxl-clap/data/raw/excerpts/prefixes/mozart-1st-movement-allegro-from-piano-sonata-facile-c-major-kv-545-mvt1_m001_m032.mxl,560.0,128.0,4.375,45.0,45.0,67.84821428571429,0.017408123791102514,429.0,0.15535714285714286,0.017857142857142856,0.18035714285714285,0.0017857142857142857,0.10178571428571428,0.04107142857142857,0.039285714285714285,0.1875,0.0035714285714285713,0.11071428571428571,0.017857142857142856,0.14285714285714285,0.06395348837209303,0.1182170542635659,0.26744186046511625,0.22286821705426357,0.09689922480620156,0.0755813953488372,0.01744186046511628,0.02131782945736434,0.01937984496124031,0.023255813953488372,0.02131782945736434,0.007751937984496124,0.044573643410852716,0.6982591876208898,0.1528046421663443,0.1276595744680851,0.017408123791102514,0.0038684719535783366,0.0,1.0,2.0,128.0,30.0,24.0,560.0,67.84821428571429,45.0,45.0,2.099753395577434,2.172513742239843,0.08035714285714286,0.08035714285714286,0.15535714285714286,0.017857142857142856,0.18035714285714285,0.0017857142857142857,0.10178571428571428,0.04107142857142857,0.039285714285714285,0.1875,0.0035714285714285713,0.11071428571428571,0.017857142857142856,0.14285714285714285,0.06395348837209303,0.1182170542635659,0.26744186046511625,0.22286821705426357,0.09689922480620156,0.0755813953488372,0.01744186046511628,0.02131782945736434,0.01937984496124031,0.023255813953488372,0.02131782945736434,0.007751937984496124,0.044573643410852716,1.0052791916094366,0.5455945739691843,0.851063829787234,0.13926499032882012,0.017408123791102514,0.6982591876208898,0.1528046421663443,0.1276595744680851,0.017408123791102514,0.0038684719535783366,0.0,1.0,0.0,0.0,0.0,0.0,0.0,0.3114119922630561,0.1450676982591876,0.1702127659574468,0.18375241779497098,0.1895551257253385,31.11111111111111,70.0,0.8888888888888888,0.0735009671179884,0.9264990328820116,0.140625,63.75,32.333333333333336,43.0,1.34375,0.0,0.04283216783216783,0.06468531468531469,0.051573426573426576,0.04108391608391608,0.06555944055944056,0.03277972027972028,0.05944055944055944,0.035402097902097904,0.043706293706293704,0.04938811188811189,0.028409090909090908,0.48513986013986016,429.0,0.09897610921501707,0.013651877133105802,0.2832764505119454,,0.05802047781569966,,,,,,,0.5426621160409556,0.08035714285714286,0.08214285714285714,0.1182170542635659,2.099753395577434,31.11111111111111,70.0,0.8888888888888888,0.9264990328820116,32.333333333333336,43.0,0.140625,1.0052791916094366,0.5455945739691843,0.851063829787234,0.13926499032882012,16.875,0.1564245810055866,0.8098882568551082,0.6875,0.06484641638225255,,,0.05460750853242321,,,,,,,,0.05460750853242321,0.05460750853242321,,,0.06143344709897611,,0.05802047781569966,0.051194539249146756,,,,,,,
mozart_1st-movement-allegro-from-piano-sonata-facile-c-major-kv-545-mvt1,mozart_1st-movement-allegro-from-piano-sonata-facile-c-major-kv-545-mvt1.musicxml,/Users/campshelor/Desktop/repos/mxl-clap/data/raw/full-pieces/mozart_1st-movement-allegro-from-piano-sonata-facile-c-major-kv-545-mvt1.musicxml,Piano Sonata No. 15 in C major,"Mozart, Wolfgang Amadeus",73,1,64,64,mozart-1st-movement-allegro-from-piano-sonata-facile-c-major-kv-545-mvt1_m001_m064,mozart-1st-movement-allegro-from-piano-sonata-facile-c-major-kv-545-mvt1_m001_m064.mxl,/Users/campshelor/Desktop/repos/mxl-clap/data/raw/excerpts/prefixes/mozart-1st-movement-allegro-from-piano-sonata-facile-c-major-kv-545-mvt1_m001_m064.mxl,1109.0,256.0,4.33203125,51.0,51.0,67.68169522091975,0.008645533141210375,884.0,0.14337240757439135,0.013525698827772768,0.15419296663660956,0.0009017132551848512,0.12533814247069433,0.09287646528403967,0.025247971145175834,0.1920649233543733,0.007213706041478809,0.11181244364292155,0.027953110910730387,0.1055004508566276,0.046153846153846156,0.14807692307692308,0.3384615384615385,0.20096153846153847,0.07115384615384615,0.06538461538461539,0.010576923076923078,0.027884615384615386,0.01730769230769231,0.016346153846153847,0.0125,0.0057692307692307696,0.03942307692307692,0.7281460134486071,0.13256484149855907,0.11911623439000961,0.01729106628242075,0.002881844380403458,0.0,1.0,2.0,256.0,30.0,24.0,1109.0,67.68169522091975,51.0,51.0,2.1398836811428135,2.0296394323608515,0.07484220018034266,0.07484220018034266,0.14337240757439135,0.013525698827772768,0.15419296663660956,0.0009017132551848512,0.12533814247069433,0.09287646528403967,0.025247971145175834,0.1920649233543733,0.007213706041478809,0.11181244364292155,0.027953110910730387,0.1055004508566276,0.046153846153846156,0.14807692307692308,0.3384615384615385,0.20096153846153847,0.07115384615384615,0.06538461538461539,0.010576923076923078,0.027884615384615386,0.01730769230769231,0.016346153846153847,0.0125,0.0057692307692307696,0.03942307692307692,0.9143701737910674,0.5455945739691843,0.8607108549471661,0.13256484149855907,0.008645533141210375,0.7281460134486071,0.13256484149855907,0.11911623439000961,0.01729106628242075,0.002881844380403458,0.0,1.0,0.0,0.0,0.0,0.0,0.0,0.3112391930835735,0.14024975984630164,0.17387127761767532,0.1834774255523535,0.19116234390009607,61.611111111111114,134.0,0.8888888888888888,0.056676272814601344,0.9433237271853987,0.0703125,122.6875,33.888888888888886,48.0,0.6796875,0.0,0.03993682310469314,0.056407942238267145,0.048736462093862815,0.04219314079422383,0.06114620938628159,0.0351985559566787,0.05527978339350181,0.036326714801444046,0.042418772563176894,0.046028880866425995,0.031137184115523464,0.5051895306859205,884.0,0.08392857142857142,0.014285714285714285,0.33214285714285713,,0.04107142857142857,,0.04285714285714286,,,,,0.6017857142857143,0.07484220018034266,0.07484220018034266,0.14807692307692308,2.1398836811428135,61.611111111111114,134.0,0.8888888888888888,0.9433237271853987,33.888888888888886,48.0,0.0703125,0.9143701737910674,0.5455945739691843,0.8607108549471661,0.13256484149855907,14.220458984375,0.18575851393188852,0.821272116337783,0.875,0.06428571428571428,,,0.055357142857142855,,,,,,,,,0.04107142857142857,,,0.05,,0.05178571428571429,0.05178571428571429,,,,,,,
mozart_fantasy-d-minor-kv-397-385g-mvt1,mozart_fantasy-d-minor-kv-397-385g-mvt1.musicxml,/Users/campshelor/Desktop/repos/mxl-clap/data/raw/full-pieces/mozart_fantasy-d-minor-kv-397-385g-mvt1.musicxml,Fantasy in D minor,Wolfgang Amadeus Mozart (1756-1791),108,1,32,32,mozart-fantasy-d-minor-kv-397-385g-mvt1_m001_m032,mozart-fantasy-d-minor-kv-397-385g-mvt1_m001_m032.mxl,/Users/campshelor/Desktop/repos/mxl-clap/data/raw/excerpts/prefixes/mozart-fantasy-d-minor-kv-397-385g-mvt1_m001_m032.mxl,514.0,128.0,4.015625,55.0,55.0,63.929961089494164,0.024630541871921183,324.0,0.07782101167315175,0.042801556420233464,0.14980544747081712,0.02529182879377432,0.16731517509727625,0.10505836575875487,0.023346303501945526,0.07003891050583658,0.058365758754863814,0.17315175097276264,0.04474708171206226,0.0622568093385214,0.2518518518518518,0.21728395061728395,0.11358024691358025,0.11851851851851852,0.0691358024691358,0.07901234567901234,0.044444444444444446,0.037037037037037035,0.01728395061728395,0.009876543209876543,0.009876543209876543,0.0,0.03209876543209877,0.17733990147783252,0.6330049261083743,0.08866995073891626,0.06896551724137931,0.03201970443349754,0.0,1.0,2.0,128.0,18.0,35.0,514.0,63.929961089494164,55.0,55.0,2.3020977536763536,2.1380934253231088,0.19844357976653695,0.19844357976653695,0.07782101167315175,0.042801556420233464,0.14980544747081712,0.02529182879377432,0.16731517509727625,0.10505836575875487,0.023346303501945526,0.07003891050583658,0.058365758754863814,0.17315175097276264,0.04474708171206226,0.0622568093385214,0.2518518518518518,0.21728395061728395,0.11358024691358025,0.11851851851851852,0.0691358024691358,0.07901234567901234,0.044444444444444446,0.037037037037037035,0.01728395061728395,0.009876543209876543,0.009876543209876543,0.0,0.03209876543209877,1.6710964392755714,1.446743942540259,0.8103448275862069,0.18719211822660098,0.024630541871921183,0.17733990147783252,0.6330049261083743,0.08866995073891626,0.06896551724137931,0.03201970443349754,0.0,1.0,0.0,0.0,0.0,0.0,0.0,0.4211822660098522,0.15024630541871922,0.1330049261083744,0.18226600985221675,0.11330049261083744,19.76923076923077,62.0,0.9615384615384616,0.26108374384236455,0.7389162561576355,0.203125,79.29166724999999,24.307692307692307,54.0,3.40625,0.0,0.05656665027053615,0.061977373339891784,0.05804230201672405,0.056074766355140186,0.05213969503197245,0.04574520413182489,0.05115592720118052,0.043777668470241025,0.046237088047220855,0.04033448106246926,0.03443187407771766,0.4535169699950812,324.0,0.22181818181818183,0.07272727272727272,0.48,,0.10545454545454545,,0.04727272727272727,,0.06545454545454546,,,0.5490909090909091,0.19844357976653695,0.21206225680933852,0.21728395061728395,2.3020977536763536,19.76923076923077,62.0,0.9615384615384616,0.7389162561576355,24.307692307692307,54.0,0.203125,1.6710964392755714,1.446743942540259,0.8103448275862069,0.18719211822660098,31.14672216441207,0.13366336633663364,0.7481710525914185,0.5161290322580645,0.03272727272727273,,,,,,,,0.04,,,,,,,,,,,0.08363636363636363,0.04,0.03636363636363636,,,,
mozart_fantasy-d-minor-kv-397-385g-mvt1,mozart_fantasy-d-minor-kv-397-385g-mvt1.musicxml,/Users/campshelor/Desktop/repos/mxl-clap/data/raw/full-pieces/mozart_fantasy-d-minor-kv-397-385g-mvt1.musicxml,Fantasy in D minor,Wolfgang Amadeus Mozart (1756-1791),108,1,64,64,mozart-fantasy-d-minor-kv-397-385g-mvt1_m001_m064,mozart-fantasy-d-minor-kv-397-385g-mvt1_m001_m064.mxl,/Users/campshelor/Desktop/repos/mxl-clap/data/raw/excerpts/prefixes/mozart-fantasy-d-minor-kv-397-385g-mvt1_m001_m064.mxl,1141.0,264.0,4.321969696969697,56.0,56.0,64.93339176161263,0.015233949945593036,738.0,0.06836108676599474,0.05433829973707274,0.1516213847502191,0.040315512708150744,0.12269938650306748,0.09202453987730061,0.04557405784399649,0.09728308501314636,0.044697633654688866,0.17090271691498685,0.06485539000876424,0.04732690622261174,0.1383442265795207,0.21459694989106753,0.13616557734204793,0.10457516339869281,0.05119825708061002,0.06209150326797386,0.0392156862745098,0.05773420479302832,0.03159041394335512,0.010893246187363835,0.02832244008714597,0.007625272331154684,0.11764705882352941,0.383025027203482,0.4581066376496192,0.08705114254624592,0.05767138193688792,0.014145810663764961,0.0,1.0,1.0,264.0,18.0,35.0,1141.0,64.93339176161263,56.0,56.0,2.3641784491737368,2.600005135971207,0.25153374233128833,0.25153374233128833,0.06836108676599474,0.05433829973707274,0.1516213847502191,0.040315512708150744,0.12269938650306748,0.09202453987730061,0.04557405784399649,0.09728308501314636,0.044697633654688866,0.17090271691498685,0.06485539000876424,0.04732690622261174,0.1383442265795207,0.21459694989106753,0.13616557734204793,0.10457516339869281,0.05119825708061002,0.06209150326797386,0.0392156862745098,0.05773420479302832,0.03159041394335512,0.010893246187363835,0.02832244008714597,0.007625272331154684,0.11764705882352941,1.7985041245628262,1.3432877999419803,0.8411316648531012,0.14907508161044614,0.015233949945593036,0.383025027203482,0.4581066376496192,0.08705114254624592,0.05767138193688792,0.014145810663764961,0.0,1.0,0.0,0.0,0.0,0.0,0.0,0.42219804134929273,0.15778019586507072,0.14036996735582155,0.16213275299238303,0.117519042437432,24.804347826086957,149.0,0.8478260869565217,0.23177366702937977,0.7682263329706203,0.17424242424242425,155.13541725,28.456521739130434,55.0,2.9696969696969697,0.0,0.047447053029059265,0.05073058611065506,0.046954523066819895,0.04761122968313906,0.04662616975866032,0.04104416351994746,0.04334263667706452,0.04055163355770809,0.040223280249548514,0.037432277130192086,0.037432277130192086,0.5206041700870137,738.0,0.281437125748503,0.07385229540918163,0.4930139720558882,0.0718562874251497,0.12375249500998003,,0.05389221556886228,0.03792415169660679,0.0658682634730539,,,0.49700598802395207,0.25153374233128833,0.2322524101665206,0.21459694989106753,2.3641784491737368,24.804347826086957,149.0,0.8478260869565217,0.7682263329706203,28.456521739130434,55.0,0.17424242424242425,1.7985041245628262,1.3432877999419803,0.8411316648531012,0.14907508161044614,43.03857142857143,0.1252371916508539,0.7130240520047332,0.35714285714285715,,,,,,,,,0.033932135728542916,,,,0.03592814371257485,,,,,,,0.07984031936127745,,,,,,
mozart_piano-sonata-a-minor-kv-310-300d-mvt1,mozart_piano-sonata-a-minor-kv-310-300d-mvt1.musicxml,/Users/campshelor/Desktop/repos/mxl-clap/data/raw/full-pieces/mozart_piano-sonata-a-minor-kv-310-300d-mvt1.musicxml,Piano Sonata No. 8 in A minor,"Mozart, Wolfgang Amadeus",133,1,32,32,mozart-piano-sonata-a-minor-kv-310-300d-mvt1_m001_m032,mozart-piano-sonata-a-minor-kv-310-300d-mvt1_m001_m032.mxl,/Users/campshelor/Desktop/repos/mxl-clap/data/raw/excerpts/prefixes/mozart-piano-sonata-a-minor-kv-310-300d-mvt1_m001_m032.mxl,809.0,128.0,6.3203125,55.0,55.0,65.74289245982695,0.016216216216216217,405.0,0.16440049443757726,0.009888751545117428,0.13102595797280595,0.0407911001236094,0.15822002472187885,0.07416563658838071,0.00865265760197775,0.13473423980222496,0.019777503090234856,0.14215080346106304,0.018541409147095178,0.09765142150803462,0.22743682310469315,0.18772563176895307,0.17689530685920576,0.17509025270758122,0.0631768953068592,0.05415162454873646,0.010830324909747292,0.03429602888086643,0.04151624548736462,0.0018050541516245488,0.01444043321299639,0.0,0.01263537906137184,0.554954954954955,0.2702702702702703,0.14954954954954955,0.018018018018018018,0.007207207207207207,0.0,1.0,2.0,128.0,29.0,24.0,809.0,65.74289245982695,55.0,55.0,2.191106895684395,2.0379630824179134,0.09765142150803462,0.09765142150803462,0.16440049443757726,0.009888751545117428,0.13102595797280595,0.0407911001236094,0.15822002472187885,0.07416563658838071,0.00865265760197775,0.13473423980222496,0.019777503090234856,0.14215080346106304,0.018541409147095178,0.09765142150803462,0.22743682310469315,0.18772563176895307,0.17689530685920576,0.17509025270758122,0.0631768953068592,0.05415162454873646,0.010830324909747292,0.03429602888086643,0.04151624548736462,0.0018050541516245488,0.01444043321299639,0.0,0.01263537906137184,1.2051509000466363,0.0,0.8252252252252252,0.14234234234234233,0.016216216216216217,0.554954954954955,0.2702702702702703,0.14954954954954955,0.018018018018018018,0.007207207207207207,0.0,1.0,0.0,0.0,0.0,0.0,0.0,0.3171171171171171,0.15855855855855855,0.17117117117117117,0.18018018018018017,0.17297297297297298,50.5625,111.0,1.0,0.24324324324324326,0.7567567567567568,0.125,101.625,31.75,53.0,2.28125,0.0,0.04828897338403042,0.06007604562737642,0.05285171102661597,0.05171102661596958,0.06311787072243347,0.04106463878326996,0.05779467680608365,0.042965779467680605,0.04752851711026616,0.048669201520912544,0.034220532319391636,0.45171102661596957,405.0,0.2711864406779661,0.07909604519774012,0.4943502824858757,0.09322033898305085,0.1694915254237288,0.031073446327683617,,0.0480225988700565,,,,0.5169491525423728,0.09765142150803462,0.09765142150803462,0.18772563176895307,2.191106895684395,50.5625,111.0,1.0,0.7567567567567568,31.75,53.0,0.125,1.2051509000466363,0.0,0.8252252252252252,0.14234234234234233,56.4521484375,0.08888888888888889,0.7708940420330583,0.4375,,,,,,0.03954802259887006,,,,0.03389830508474576,,,,,,,,,,,,,0.03389830508474576,0.03389830508474576,,
mozart_piano-sonata-a-minor-kv-310-300d-mvt1,mozart_piano-sonata-a-minor-kv-310-300d-mvt1.musicxml,/Users/campshelor/Desktop/repos/mxl-clap/data/raw/full-pieces/mozart_piano-sonata-a-minor-kv-310-300d-mvt1.musicxml,Piano Sonata No. 8 in A minor,"Mozart, Wolfgang Amadeus",133,1,64,64,mozart-piano-sonata-a-minor-kv-310-300d-mvt1_m001_m064,mozart-piano-sonata-a-minor-kv-310-300d-mvt1_m001_m064.mxl,/Users/campshelor/Desktop/repos/mxl-clap/data/raw/excerpts/prefixes/mozart-piano-sonata-a-minor-kv-310-300d-mvt1_m001_m064.mxl,1645.0,256.0,6.42578125,58.0,58.0,65.1483282674772,0.008237232289950576,859.0,0.1574468085106383,0.01762917933130699,0.10273556231003039,0.0364741641337386,0.17264437689969606,0.07173252279635259,0.01641337386018237,0.15562310030395138,0.01641337386018237,0.11124620060790273,0.031610942249240125,0.11003039513677812,0.18549051937345423,0.2333058532563891,0.21022258862324814,0.14509480626545754,0.06347897774113767,0.04451772464962902,0.011541632316570486,0.021434460016488046,0.0247320692497939,0.010717230008244023,0.010717230008244023,0.0016488046166529267,0.03709810387469085,0.6400329489291599,0.19110378912685339,0.13920922570016475,0.02471169686985173,0.004942339373970346,0.0,1.0,2.0,256.0,29.0,24.0,1645.0,65.1483282674772,58.0,58.0,2.2298103796273296,2.0711530646472456,0.11854103343465046,0.11854103343465046,0.1574468085106383,0.01762917933130699,0.10273556231003039,0.0364741641337386,0.17264437689969606,0.07173252279635259,0.01641337386018237,0.15562310030395138,0.01641337386018237,0.11124620060790273,0.031610942249240125,0.11003039513677812,0.18549051937345423,0.2333058532563891,0.21022258862324814,0.14509480626545754,0.06347897774113767,0.04451772464962902,0.011541632316570486,0.021434460016488046,0.0247320692497939,0.010717230008244023,0.010717230008244023,0.0016488046166529267,0.03709810387469085,1.172059527058875,0.4659992569610426,0.8311367380560132,0.12273476112026359,0.008237232289950576,0.6400329489291599,0.19110378912685339,0.13920922570016475,0.02471169686985173,0.004942339373970346,0.0,1.0,0.0,0.0,0.0,0.0,0.0,0.29736408566721584,0.15897858319604613,0.17462932454695224,0.19110378912685339,0.17792421746293247,91.38888888888889,224.0,0.9444444444444444,0.19686985172981877,0.8031301482701813,0.0703125,203.8125,42.05555555555556,58.0,0.76171875,0.0,0.03753007217321572,0.04490777866880513,0.04202085004009623,0.03897353648757017,0.046832397754611066,0.03608660785886127,0.04362469927826784,0.03496391339214114,0.03897353648757017,0.03881315156375301,0.03207698476343224,0.5651964715316761,859.0,0.248,0.09466666666666666,0.5626666666666666,0.11866666666666667,0.11333333333333333,0.025333333333333333,,0.037333333333333336,,,,0.5493333333333333,0.11854103343465046,0.11854103343465046,0.2333058532563891,2.2298103796273296,91.38888888888889,224.0,0.9444444444444444,0.8031301482701813,42.05555555555556,58.0,0.0703125,1.172059527058875,0.4659992569610426,0.8311367380560132,0.12273476112026359,43.864990234375,0.1149425287356322,0.7951176734896583,0.578125,,,,,,,,,,0.025333333333333333,,,0.050666666666666665,,,,,,,,,,,0.028,0.052,
mozart_piano-sonata-f-major-kv-332-300k-mvt1,mozart_piano-sonata-f-major-kv-332-300k-mvt1.musicxml,/Users/campshelor/Desktop/repos/mxl-clap/data/raw/full-pieces/mozart_piano-sonata-f-major-kv-332-300k-mvt1.musicxml,Piano Sonata No. 12 in F major,"Mozart, Wolfgang Amadeus",229,1,32,32,mozart-piano-sonata-f-major-kv-332-300k-mvt1_m001_m032,mozart-piano-sonata-f-major-kv-332-300k-mvt1_m001_m032.mxl,/Users/campshelor/Desktop/repos/mxl-clap/data/raw/excerpts/prefixes/mozart-piano-sonata-f-major-kv-332-300k-mvt1_m001_m032.mxl,319.0,96.0,3.3229166666666665,49.0,49.0,65.68652037617555,0.0311284046692607,167.0,0.12225705329153605,0.025078369905956112,0.11912225705329153,0.03134796238244514,0.06583072100313479,0.20689655172413793,0.0,0.13479623824451412,0.012539184952978056,0.18808777429467086,0.07836990595611286,0.01567398119122257,0.109375,0.13671875,0.1796875,0.1484375,0.14453125,0.13671875,0.01171875,0.0390625,0.0234375,0.0546875,0.0,0.00390625,0.01171875,0.2529182879377432,0.32684824902723736,0.3657587548638132,0.042801556420233464,0.011673151750972763,0.0,1.0,2.0,96.0,30.0,24.0,319.0,65.68652037617555,49.0,49.0,2.1204347170968245,2.1641962989633567,0.14733542319749215,0.14733542319749215,0.12225705329153605,0.025078369905956112,0.11912225705329153,0.03134796238244514,0.06583072100313479,0.20689655172413793,0.0,0.13479623824451412,0.012539184952978056,0.18808777429467086,0.07836990595611286,0.01567398119122257,0.109375,0.13671875,0.1796875,0.1484375,0.14453125,0.13671875,0.01171875,0.0390625,0.0234375,0.0546875,0.0,0.00390625,0.01171875,1.427090939383406,0.0,0.5797665369649806,0.3968871595330739,0.0311284046692607,0.2529182879377432,0.32684824902723736,0.3657587548638132,0.042801556420233464,0.011673151750972763,0.0,1.0,0.0,0.0,0.0,0.0,0.0,0.23346303501945526,0.2723735408560311,0.17509727626459143,0.2607003891050584,0.058365758754863814,26.583333333333332,91.0,0.8333333333333334,0.19455252918287938,0.8054474708171206,0.125,78.66666666666667,22.75,47.0,2.7916666666666665,0.0,0.04006677796327212,0.06010016694490818,0.052587646076794656,0.04006677796327212,0.052587646076794656,0.0325542570951586,0.05008347245409015,0.03589315525876461,0.03923205342237062,0.041736227045075125,0.03005008347245409,0.5250417362270451,167.0,0.07246376811594203,0.07971014492753623,0.30434782608695654,0.06521739130434782,,0.043478260869565216,,,,,,0.4057971014492754,0.14733542319749215,0.08463949843260188,0.13671875,2.1204347170968245,26.583333333333332,91.0,0.8333333333333334,0.8054474708171206,22.75,47.0,0.125,1.427090939383406,0.0,0.5797665369649806,0.3968871595330739,12.5302734375,0.21875,0.7379578623515658,0.65625,0.10869565217391304,,,,0.07246376811594203,,,,,,0.07971014492753623,,0.10144927536231885,0.06521739130434782,,0.057971014492753624,,,,,,,,,,
mozart_piano-sonata-f-major-kv-332-300k-mvt1,mozart_piano-sonata-f-major-kv-332-300k-mvt1.musicxml,/Users/campshelor/Desktop/repos/mxl-clap/data/raw/full-pieces/mozart_piano-sonata-f-major-kv-332-300k-mvt1.musicxml,Piano Sonata No. 12 in F major,"Mozart, Wolfgang Amadeus",229,1,64,64,mozart-piano-sonata-f-major-kv-332-300k-mvt1_m001_m064,mozart-piano-sonata-f-major-kv-332-300k-mvt1_m001_m064.mxl,/Users/campshelor/Desktop/repos/mxl-clap/data/raw/excerpts/prefixes/mozart-piano-sonata-f-major-kv-332-300k-mvt1_m001_m064.mxl,674.0,192.0,3.5104166666666665,54.0,54.0,65.12314540059347,0.016042780748663103,373.0,0.15281899109792285,0.011869436201780416,0.11869436201780416,0.0830860534124629,0.06676557863501484,0.15281899109792285,0.013353115727002967,0.1795252225519288,0.04154302670623145,0.10237388724035608,0.04154302670623145,0.03560830860534125,0.13035714285714287,0.1375,0.16785714285714284,0.1732142857142857,0.10714285714285714,0.125,0.019642857142857142,0.04642857142857143,0.030357142857142857,0.03571428571428571,0.0,0.0035714285714285713,0.023214285714285715,0.22103386809269163,0.44385026737967914,0.2887700534759358,0.040998217468805706,0.0053475935828877,0.0,1.0,2.0,192.0,30.0,24.0,674.0,65.12314540059347,54.0,54.0,2.249480686680717,2.2205737066281053,0.1913946587537092,0.1913946587537092,0.15281899109792285,0.011869436201780416,0.11869436201780416,0.0830860534124629,0.06676557863501484,0.15281899109792285,0.013353115727002967,0.1795252225519288,0.04154302670623145,0.10237388724035608,0.04154302670623145,0.03560830860534125,0.13035714285714287,0.1375,0.16785714285714284,0.1732142857142857,0.10714285714285714,0.125,0.019642857142857142,0.04642857142857143,0.030357142857142857,0.03571428571428571,0.0,0.0035714285714285713,0.023214285714285715,1.4907607726297414,1.0950778621205006,0.6648841354723708,0.3244206773618538,0.016042780748663103,0.22103386809269163,0.44385026737967914,0.2887700534759358,0.040998217468805706,0.0053475935828877,0.0,1.0,0.0,0.0,0.0,0.0,0.0,0.3083778966131907,0.2638146167557932,0.1657754010695187,0.22459893048128343,0.0374331550802139,37.44444444444444,184.0,1.0,0.1800356506238859,0.8199643493761141,0.09375,150.0,19.166666666666668,50.0,1.6041666666666667,0.0,0.042923433874709975,0.05104408352668213,0.0448569218870843,0.04176334106728538,0.04717710750193349,0.03789636504253674,0.044470224284609436,0.037122969837587005,0.03905645784996133,0.038669760247486466,0.0328692962103635,0.5421500386697602,373.0,0.10289389067524116,0.03858520900321544,0.3665594855305466,0.06430868167202572,0.03215434083601286,,0.05466237942122187,,,,,0.5176848874598071,0.1913946587537092,0.18545994065281898,0.1375,2.249480686680717,37.44444444444444,184.0,1.0,0.8199643493761141,19.166666666666668,50.0,0.09375,1.4907607726297414,1.0950778621205006,0.6648841354723708,0.3244206773618538,10.5615234375,0.2608695652173913,0.7641806667356832,0.609375,0.07717041800643087,,,,,,,,,,0.05466237942122187,,0.06430868167202572,0.05466237942122187,,0.08038585209003216,,,,,,,,,,
mozart_rondo-a-minor-kv-511-mvt1,mozart_rondo-a-minor-kv-511-mvt1.musicxml,/Users/campshelor/Desktop/repos/mxl-clap/data/raw/full-pieces/mozart_rondo-a-minor-kv-511-mvt1.musicxml,mozart_rondo-a-minor-kv-511-mvt1.musicxml,Music21,184,1,32,32,mozart-rondo-a-minor-kv-511-mvt1_m001_m032,mozart-rondo-a-minor-kv-511-mvt1_m001_m032.mxl,/Users/campshelor/Desktop/repos/mxl-clap/data/raw/excerpts/prefixes/mozart-rondo-a-minor-kv-511-mvt1_m001_m032.mxl,581.0,96.0,6.052083333333333,48.0,48.0,66.07745266781411,0.025423728813559324,274.0,0.16523235800344235,0.022375215146299483,0.1359724612736661,0.027538726333907058,0.17728055077452667,0.08605851979345955,0.010327022375215147,0.08605851979345955,0.024096385542168676,0.16351118760757316,0.020654044750430294,0.08089500860585198,0.21443736730360935,0.2611464968152866,0.2526539278131635,0.06157112526539278,0.029723991507430998,0.03184713375796178,0.012738853503184714,0.04670912951167728,0.027600849256900213,0.012738853503184714,0.016985138004246284,0.0,0.03184713375796178,0.3665254237288136,0.4724576271186441,0.04025423728813559,0.11440677966101695,0.006355932203389831,0.0,1.0,2.0,96.0,0.0,7.0,581.0,66.07745266781411,48.0,48.0,2.1982439832392213,1.9466513999731219,0.10499139414802065,0.10499139414802065,0.16523235800344235,0.022375215146299483,0.1359724612736661,0.027538726333907058,0.17728055077452667,0.08605851979345955,0.010327022375215147,0.08605851979345955,0.024096385542168676,0.16351118760757316,0.020654044750430294,0.08089500860585198,0.21443736730360935,0.2611464968152866,0.2526539278131635,0.06157112526539278,0.029723991507430998,0.03184713375796178,0.012738853503184714,0.04670912951167728,0.027600849256900213,0.012738853503184714,0.016985138004246284,0.0,0.03184713375796178,1.6749907698194517,1.5070567399400543,0.8389830508474576,0.13983050847457626,0.025423728813559324,0.3665254237288136,0.4724576271186441,0.04025423728813559,0.11440677966101695,0.006355932203389831,0.0,1.0,0.0,0.0,0.0,0.0,0.0,0.4830508474576271,0.2457627118644068,0.2033898305084746,0.06779661016949153,,18.741935483870968,114.0,0.6774193548387096,0.2097457627118644,0.7902542372881356,0.3229166666666667,101.0,11.709677419354838,45.0,4.447916666666667,0.0,0.048577376821651634,0.06453851492019431,0.05690492713393477,0.04996530187369882,0.06731436502428868,0.040249826509368494,0.05968077723802915,0.04510756419153366,0.046495489243580844,0.04718945176960444,0.02914642609299098,0.4448299791811242,274.0,0.27710843373493976,0.24497991967871485,0.5943775100401606,0.15261044176706828,0.11646586345381527,,0.04417670682730924,0.12048192771084337,,,,0.39759036144578314,0.10499139414802065,0.10499139414802065,0.2611464968152866,2.1982439832392213,18.741935483870968,114.0,0.6774193548387096,0.7902542372881356,11.709677419354838,45.0,0.3229166666666667,1.6749907698194517,1.5070567399400543,0.8389830508474576,0.13983050847457626,22.7568359375,0.208955223880597,0.791927301108845,0.40625,,,,,,,,0.04417670682730924,,,,0.03614457831325301,,,,,,,0.040160642570281124,,,,,,,0.04819277108433735
mozart_rondo-a-minor-kv-511-mvt1,mozart_rondo-a-minor-kv-511-mvt1.musicxml,/Users/campshelor/Desktop/repos/mxl-clap/data/raw/full-pieces/mozart_rondo-a-minor-kv-511-mvt1.musicxml,mozart_rondo-a-minor-kv-511-mvt1.musicxml,Music21,184,1,64,64,mozart-rondo-a-minor-kv-511-mvt1_m001_m064,mozart-rondo-a-minor-kv-511-mvt1_m001_m064.mxl,/Users/campshelor/Desktop/repos/mxl-clap/data/raw/excerpts/prefixes/mozart-rondo-a-minor-kv-511-mvt1_m001_m064.mxl,1339.0,192.0,6.973958333333333,55.0,55.0,64.62285287528006,0.010869565217391304,653.0,0.17699775952203137,0.028379387602688575,0.11053024645257654,0.02912621359223301,0.12322628827483197,0.1277072442120986,0.01194921583271098,0.09858103061986558,0.027632561613144136,0.13965646004480955,0.070201643017177,0.05601194921583271,0.12330009066183137,0.3019038984587489,0.2230281051677244,0.07887579329102448,0.044424297370806894,0.06890299184043518,0.016319129646418858,0.04986400725294651,0.02629193109700816,0.017225747960108794,0.007252946509519492,0.0009066183136899365,0.04170444242973708,0.5153985507246377,0.3704710144927536,0.028079710144927536,0.07608695652173914,0.009963768115942028,0.0,1.0,2.0,192.0,0.0,7.0,1339.0,64.62285287528006,55.0,55.0,2.278151695134182,2.0971805711536513,0.1672890216579537,0.1672890216579537,0.17699775952203137,0.028379387602688575,0.11053024645257654,0.02912621359223301,0.12322628827483197,0.1277072442120986,0.01194921583271098,0.09858103061986558,0.027632561613144136,0.13965646004480955,0.070201643017177,0.05601194921583271,0.12330009066183137,0.3019038984587489,0.2230281051677244,0.07887579329102448,0.044424297370806894,0.06890299184043518,0.016319129646418858,0.04986400725294651,0.02629193109700816,0.017225747960108794,0.007252946509519492,0.0009066183136899365,0.04170444242973708,1.4941666424084112,1.5070567399400543,0.8858695652173914,0.10507246376811594,0.010869565217391304,0.5153985507246377,0.3704710144927536,0.028079710144927536,0.07608695652173914,0.009963768115942028,0.0,1.0,0.0,0.0,0.0,0.0,0.0,0.483695652173913,0.22916666666666666,0.23097826086956522,0.05615942028985507,,43.193548387096776,243.0,0.6774193548387096,0.20199275362318841,0.7980072463768116,0.16145833333333334,214.83333333333334,17.483870967741936,51.0,3.2447916666666665,0.0,0.04477952935800777,0.05026273703449852,0.04500799634452821,0.04249485949280329,0.04866346812885538,0.041352524560201054,0.046835732236691796,0.03929632168151702,0.03952478866803747,0.03929632168151702,0.034726981951108064,0.5277587388622345,653.0,0.36065573770491804,0.14918032786885246,0.5475409836065573,0.21147540983606558,0.10655737704918032,,0.04918032786885246,0.07377049180327869,0.029508196721311476,0.02622950819672131,,0.44754098360655736,0.1672890216579537,0.1530993278566094,0.3019038984587489,2.278151695134182,43.193548387096776,243.0,0.6774193548387096,0.7980072463768116,17.483870967741936,51.0,0.16145833333333334,1.4941666424084112,1.5070567399400543,0.8858695652173914,0.10507246376811594,37.790771484375,0.16,0.772900626842257,0.46875,,,,,,,,0.02459016393442623,,,,,0.03114754098360656,,,,,,,,,,,,,
